{
    "benchmark_active_no_duplicates_refnr_list": {
        "min": 0.3497525038001186,
        "max": 0.40573448300019666,
        "mean": 0.3721696664599949
    },
    "benchmark_get_refnr_skjemamottak": {
        "min": 0.24979514239967102,
        "max": 0.3392365783998684,
        "mean": 0.28070320955990613
    },
    "benchmark_get_refnr_skjemadata_hoved": {
        "min": 0.895348881999962,
        "max": 1.0260396760000732,
        "mean": 0.953093451320019
    }
}